City_ID,City,Lat,Lng,Max Temp,Humidity,Cloudiness,Wind Speed,Country,Date
0,Bosaso,11.2842,49.1816,91.8,47,66,5.01,SO,2022-09-13 22:26:30
1,Taoudenni,22.6783,-3.9836,100.2,7,4,9.75,ML,2022-09-13 22:26:31
2,Khatanga,71.9667,102.5,31.37,96,99,5.28,RU,2022-09-13 22:26:31
3,Albany,42.6001,-73.9662,68.36,92,74,1.01,US,2022-09-13 22:22:23
4,Hobart,-42.8794,147.3294,46.26,79,20,6.91,AU,2022-09-13 22:26:32
5,San Lorenzo De El Escorial,40.5914,-4.1474,60.85,89,86,4.99,ES,2022-09-13 22:26:32
6,Barrow,71.2906,-156.7887,37.42,87,100,26.46,US,2022-09-13 22:26:32
7,Hilo,19.7297,-155.09,82.62,76,75,7.0,US,2022-09-13 22:26:33
8,Rawson,-43.3002,-65.1023,57.67,53,6,22.62,AR,2022-09-13 22:26:33
9,Busselton,-33.65,115.3333,53.74,68,75,16.55,AU,2022-09-13 22:26:34
10,Calama,-22.4667,-68.9333,63.09,3,0,19.57,CL,2022-09-13 22:26:34
11,Thompson,55.7435,-97.8558,55.56,44,75,11.5,CA,2022-09-13 22:26:34
12,Port Keats,-14.25,129.55,77.07,81,30,1.41,AU,2022-09-13 22:26:35
13,Punta Arenas,-53.15,-70.9167,44.71,65,20,35.68,CL,2022-09-13 22:24:17
14,Cayenne,4.9333,-52.3333,82.44,78,0,5.75,GF,2022-09-13 22:26:35
15,Nouakchott,18.0858,-15.9785,84.13,80,9,13.51,MR,2022-09-13 22:26:36
16,Cherskiy,68.75,161.3,36.16,91,100,5.68,RU,2022-09-13 22:26:36
17,Hermanus,-34.4187,19.2345,54.34,89,1,11.23,ZA,2022-09-13 22:26:36
18,Farmington,36.7281,-108.2187,81.28,30,0,4.0,US,2022-09-13 22:25:02
19,East London,-33.0153,27.9116,59.58,73,22,6.76,ZA,2022-09-13 22:26:37
20,Joshimath,30.5667,79.5667,66.38,87,64,2.93,IN,2022-09-13 22:26:37
21,Noshiro,40.2039,140.0242,67.75,75,31,5.57,JP,2022-09-13 22:26:38
22,Nikolskoye,59.7035,30.7861,56.88,73,85,6.33,RU,2022-09-13 22:26:38
23,Upernavik,72.7868,-56.1549,42.21,86,100,7.96,GL,2022-09-13 22:26:38
24,Solnechnyy,50.7214,136.6319,43.02,83,33,5.91,RU,2022-09-13 22:26:39
25,Tateyama,34.9833,139.8667,80.1,82,95,7.29,JP,2022-09-13 22:26:39
26,Ushuaia,-54.8,-68.3,44.26,70,75,4.61,AR,2022-09-13 22:26:40
27,Sorland,67.667,12.6934,51.66,70,100,24.54,NO,2022-09-13 22:26:40
28,Yellowknife,62.456,-114.3525,61.32,48,75,9.22,CA,2022-09-13 22:24:32
29,Zilupe,56.3862,28.1217,50.9,79,100,4.65,LV,2022-09-13 22:26:41
30,Port Alfred,-33.5906,26.891,59.23,86,27,7.29,ZA,2022-09-13 22:26:41
31,Najran,17.4924,44.1277,81.25,16,93,3.85,SA,2022-09-13 22:26:37
32,Butaritari,3.0707,172.7902,80.76,71,54,4.83,KI,2022-09-13 22:26:42
33,Ayagoz,47.9714,80.4392,44.47,49,100,15.77,KZ,2022-09-13 22:26:42
34,Tuktoyaktuk,69.4541,-133.0374,39.2,81,100,14.97,CA,2022-09-13 22:26:42
35,Halifax,44.6453,-63.5724,71.69,90,100,13.8,CA,2022-09-13 22:22:46
36,Castro,-24.7911,-50.0119,61.21,97,98,6.62,BR,2022-09-13 22:26:43
37,Havre-Saint-Pierre,50.2334,-63.5986,64.76,72,0,3.44,CA,2022-09-13 22:22:18
38,Aklavik,68.2191,-135.0107,44.6,81,100,3.44,CA,2022-09-13 22:26:43
39,Port Huron,42.9709,-82.4249,72.05,57,0,4.61,US,2022-09-13 22:26:08
40,Tiksi,71.6872,128.8694,38.86,86,89,4.76,RU,2022-09-13 22:26:44
41,Nioro,13.35,-15.75,76.39,94,100,5.68,GM,2022-09-13 22:26:44
42,Atuona,-9.8,-139.0333,76.5,64,7,12.15,PF,2022-09-13 22:26:44
43,Hasaki,35.7333,140.8333,77.4,86,100,8.66,JP,2022-09-13 22:21:55
44,Wakkanai,45.4094,141.6739,58.17,70,100,19.26,JP,2022-09-13 22:27:45
45,Kapaa,22.0752,-159.319,84.52,69,20,12.66,US,2022-09-13 22:27:45
46,Saskylakh,71.9167,114.0833,34.41,97,100,8.19,RU,2022-09-13 22:27:46
47,Nyurba,63.2842,118.3319,36.27,89,98,10.25,RU,2022-09-13 22:28:07
48,Jamestown,42.097,-79.2353,63.01,70,100,5.01,US,2022-09-13 22:25:39
49,Asau,46.4333,26.4,49.28,89,97,5.06,RO,2022-09-13 22:28:07
50,Rikitea,-23.1203,-134.9692,71.76,72,100,1.32,PF,2022-09-13 22:28:08
51,Saint-Philippe,-21.3585,55.7679,65.79,74,33,5.66,RE,2022-09-13 22:28:29
52,Esil,51.9556,66.4042,48.25,57,8,6.33,KZ,2022-09-13 22:28:30
53,Meulaboh,4.1363,96.1285,75.24,89,99,2.8,ID,2022-09-13 22:28:30
54,Dikson,73.5069,80.5464,38.97,81,100,23.15,RU,2022-09-13 22:28:30
55,Yambio,4.5721,28.3955,68.7,94,97,3.04,SS,2022-09-13 22:28:31
56,Warrnambool,-38.3833,142.4833,45.1,70,1,17.56,AU,2022-09-13 22:28:31
57,Boddam,57.4667,-1.7833,55.49,81,46,11.95,GB,2022-09-13 22:28:31
58,Canchungo,12.0672,-16.0333,78.93,86,100,4.94,GW,2022-09-13 22:28:32
59,Adand,46.8593,18.1644,65.84,62,83,5.57,HU,2022-09-13 22:28:32
60,Katsuura,35.1333,140.3,78.48,88,100,8.59,JP,2022-09-13 22:28:33
61,Qaanaaq,77.484,-69.3632,34.83,73,93,4.72,GL,2022-09-13 22:28:33
62,Vaini,-21.2,-175.2,76.03,82,61,15.12,TO,2022-09-13 22:28:33
63,Mataura,-46.1927,168.8643,46.47,91,85,4.05,NZ,2022-09-13 22:28:34
64,Puerto Ayora,-0.7393,-90.3518,73.36,91,100,5.99,EC,2022-09-13 22:28:34
65,New Norfolk,-42.7826,147.0587,45.91,74,8,3.0,AU,2022-09-13 22:28:34
66,Constitucion,-35.3333,-72.4167,52.59,78,3,6.02,CL,2022-09-13 22:28:35
67,Viedma,-40.8135,-62.9967,53.92,60,34,11.05,AR,2022-09-13 22:28:35
68,Raudeberg,61.9875,5.1352,54.27,1,100,12.84,NO,2022-09-13 22:28:36
69,Porto Nacional,-10.7081,-48.4172,89.6,18,53,0.6,BR,2022-09-13 22:28:36
70,Carora,10.1755,-70.0827,87.04,46,95,7.11,VE,2022-09-13 22:28:36
71,Ishigaki,24.3448,124.1572,77.13,81,100,4.61,JP,2022-09-13 22:28:37
72,Esmeraldas,-19.7625,-44.3139,81.64,28,33,2.26,BR,2022-09-13 22:28:18
73,Deputatskiy,69.3,139.9,31.8,76,98,3.09,RU,2022-09-13 22:28:37
74,Tselinnoye,53.0833,85.6667,39.16,74,63,5.79,RU,2022-09-13 22:28:37
75,Nadym,65.5333,72.5167,44.74,94,100,5.3,RU,2022-09-13 22:28:38
76,Mehamn,71.0357,27.8492,40.91,87,40,11.5,NO,2022-09-13 22:28:38
77,Port-Gentil,-0.7193,8.7815,76.96,83,20,8.05,GA,2022-09-13 22:28:39
78,Vestmannaeyjar,63.4427,-20.2734,50.34,80,1,16.04,IS,2022-09-13 22:25:23
79,Kribi,2.95,9.9167,75.94,89,91,6.42,CM,2022-09-13 22:28:39
80,Port Macquarie,-31.4333,152.9167,60.89,71,19,7.0,AU,2022-09-13 22:28:40
81,Nanortalik,60.1432,-45.2371,45.28,74,13,4.74,GL,2022-09-13 22:28:40
82,Labuhan,-6.8844,112.2051,76.6,84,7,9.62,ID,2022-09-13 22:28:40
83,Suzaka,36.65,138.3167,77.11,84,99,1.99,JP,2022-09-13 22:28:41
84,Itarema,-2.9248,-39.9167,77.86,85,17,16.02,BR,2022-09-13 22:25:23
85,Klaksvik,62.2266,-6.589,50.92,86,95,10.04,FO,2022-09-13 22:28:41
86,Hithadhoo,-0.6,73.0833,80.65,70,0,2.24,MV,2022-09-13 22:28:41
87,Chuy,-33.6971,-53.4616,53.69,91,14,10.38,UY,2022-09-13 22:28:42
88,Anekal,12.7,77.7,65.14,95,50,9.04,IN,2022-09-13 22:28:42
89,San Patricio,28.017,-97.5169,90.07,47,44,11.83,US,2022-09-13 22:28:43
90,Bambanglipuro,-7.95,110.2833,76.05,85,52,10.58,ID,2022-09-13 22:28:43
91,Ilhabela,-23.7781,-45.3581,68.32,94,96,1.25,BR,2022-09-13 22:29:43
92,Norman Wells,65.282,-126.8329,59.04,51,75,8.05,CA,2022-09-13 22:29:44
93,Ixtlahuacan Del Rio,20.8667,-103.25,80.28,46,85,0.72,MX,2022-09-13 22:29:44
94,Kavieng,-2.5744,150.7967,83.57,68,26,16.98,PG,2022-09-13 22:29:44
95,Bluff,-46.6,168.3333,46.8,74,89,8.95,NZ,2022-09-13 22:29:45
96,Diamantina,-18.2494,-43.6003,74.39,30,49,6.87,BR,2022-09-13 22:29:45
97,Sioux Lookout,50.1001,-91.917,59.07,44,20,8.05,CA,2022-09-13 22:29:45
98,Arraial Do Cabo,-22.9661,-42.0278,75.16,69,20,14.97,BR,2022-09-13 22:29:46
99,Pevek,69.7008,170.3133,34.41,98,100,5.61,RU,2022-09-13 22:29:46
100,Bassano,50.7834,-112.4685,69.03,25,81,8.43,CA,2022-09-13 22:29:47
101,Pontian Kecil,1.4801,103.3899,77.32,85,100,7.72,MY,2022-09-13 22:29:47
102,Mount Gambier,-37.8333,140.7667,47.82,63,34,14.85,AU,2022-09-13 22:29:47
103,Sorbhog,26.5,90.8667,75.85,92,97,3.67,IN,2022-09-13 22:29:48
104,Zaysan,47.4667,84.8667,50.45,54,45,2.84,KZ,2022-09-13 22:29:48
105,Iqaluit,63.7506,-68.5145,44.33,81,75,4.61,CA,2022-09-13 22:29:48
106,Bethel,41.3712,-73.414,79.65,85,0,8.05,US,2022-09-13 22:29:49
107,Richards Bay,-28.783,32.0377,63.43,85,100,3.67,ZA,2022-09-13 22:29:49
108,Marsabit,2.3284,37.9899,66.13,61,100,21.5,KE,2022-09-13 22:29:49
109,Novoagansk,61.9449,76.6625,43.23,87,100,8.05,RU,2022-09-13 22:29:50
110,Barabash,43.2,131.4833,55.0,80,100,5.08,RU,2022-09-13 22:29:50
111,Mar Del Plata,-38.0023,-57.5575,53.1,88,0,8.05,AR,2022-09-13 22:29:51
112,Evensk,61.95,159.2333,44.55,57,85,7.7,RU,2022-09-13 22:29:51
113,Kaitangata,-46.2817,169.8464,41.49,79,99,9.13,NZ,2022-09-13 22:29:51
114,Maniitsoq,65.4167,-52.9,44.11,87,100,14.76,GL,2022-09-13 22:29:52
115,Ponta Do Sol,32.6667,-17.1,73.71,80,39,7.85,PT,2022-09-13 22:29:52
116,Camacupa,-12.0167,17.4833,69.08,29,56,1.39,AO,2022-09-13 22:29:52
117,Te Anau,-45.4167,167.7167,38.14,91,85,0.51,NZ,2022-09-13 22:29:53
118,Georgetown,5.4112,100.3354,80.53,87,20,3.44,MY,2022-09-13 22:28:10
119,Leku,6.8667,38.45,59.67,93,100,2.28,ET,2022-09-13 22:29:53
120,Saint-Pierre,-21.3393,55.4781,65.88,59,0,8.05,RE,2022-09-13 22:29:54
121,Cangucu,-31.395,-52.6756,56.41,85,63,5.73,BR,2022-09-13 22:29:54
122,Luangwa,-15.6167,30.4167,75.54,35,8,7.25,ZM,2022-09-13 22:29:54
123,San Quintin,30.4833,-115.95,75.56,76,86,11.36,MX,2022-09-13 22:29:55
124,Bambous Virieux,-20.3428,57.7575,68.25,83,40,6.91,MU,2022-09-13 22:29:55
125,Aasiaat,68.7098,-52.8699,38.17,92,100,11.52,GL,2022-09-13 22:29:55
126,Port Lincoln,-34.7333,135.8667,64.89,52,84,20.83,AU,2022-09-13 22:28:50
127,Balkanabat,39.5108,54.3671,77.58,12,0,14.76,TM,2022-09-13 22:29:56
128,Launceston,-41.45,147.1667,45.16,89,100,5.75,AU,2022-09-13 22:29:56
129,Hammerfest,70.6634,23.6821,41.45,75,75,4.61,NO,2022-09-13 22:29:57
130,Pavlovskiy,57.8424,54.8436,48.43,71,93,1.9,RU,2022-09-13 22:29:57
131,Tilichiki,60.4667,166.1,42.24,76,100,1.83,RU,2022-09-13 22:29:57
132,Veraval,20.9,70.3667,79.3,89,100,6.89,IN,2022-09-13 22:29:58
133,Pachperwa,27.5167,82.65,76.8,87,100,13.76,IN,2022-09-13 22:29:58
134,Lang Son,21.8333,106.7333,73.27,92,69,0.72,VN,2022-09-13 22:28:34
135,Itaqui,-29.1253,-56.5531,60.82,71,50,8.32,BR,2022-09-13 22:29:59
136,Rocha,-34.4833,-54.3333,50.58,97,20,6.51,UY,2022-09-13 22:29:59
137,Chokurdakh,70.6333,147.9167,36.54,73,45,6.85,RU,2022-09-13 22:29:59
138,Dingle,10.9995,122.6711,76.48,92,58,5.75,PH,2022-09-13 22:30:00
139,Roma,43.2128,-75.4557,65.62,86,100,4.61,US,2022-09-13 22:31:00
140,Cape Town,-33.9258,18.4232,60.39,76,0,4.61,ZA,2022-09-13 22:27:10
141,Fortuna,40.5982,-124.1573,73.92,64,66,3.0,US,2022-09-13 22:31:01
142,Guerrero Negro,27.9769,-114.0611,78.12,64,0,13.13,MX,2022-09-13 22:31:01
143,Lavrentiya,65.5833,-171.0,45.14,90,100,2.62,RU,2022-09-13 22:31:02
144,Koutsouras,35.0339,25.9469,77.11,41,0,9.89,GR,2022-09-13 22:31:02
145,Shenjiamen,29.9576,122.298,79.25,85,98,12.97,CN,2022-09-13 22:31:02
146,Santiago,-33.4569,-70.6483,63.55,46,0,5.75,CL,2022-09-13 22:27:04
147,Omboue,-1.5746,9.2618,74.61,84,39,5.86,GA,2022-09-13 22:31:03
148,Axim,4.8699,-2.2405,73.99,94,78,6.93,GH,2022-09-13 22:31:04
149,Port Blair,11.6667,92.75,78.84,89,40,2.3,IN,2022-09-13 22:31:04
150,Grindavik,63.8424,-22.4338,48.15,93,20,8.05,IS,2022-09-13 22:31:05
151,Brazzaville,-4.2658,15.2832,75.56,73,86,3.44,CG,2022-09-13 22:31:05
152,Tiznit,29.5833,-9.5,68.11,84,67,2.44,MA,2022-09-13 22:31:05
153,Ewa Beach,21.3156,-158.0072,87.75,57,100,18.41,US,2022-09-13 22:31:06
154,Lebu,-37.6167,-73.65,49.89,83,33,1.57,CL,2022-09-13 22:31:06
155,Roald,62.5833,6.1333,56.75,87,100,5.75,NO,2022-09-13 22:31:07
156,Cidreira,-30.1811,-50.2056,59.76,85,20,9.89,BR,2022-09-13 22:31:07
157,Tambo,-14.8,-73.9167,38.14,35,62,7.07,PE,2022-09-13 22:31:08
158,Yekimovichi,54.1129,33.2965,45.99,98,100,6.87,RU,2022-09-13 22:31:08
159,Clyde River,70.4692,-68.5914,39.43,100,100,16.11,CA,2022-09-13 22:31:08
160,Svetlogorsk,52.6333,29.7333,48.31,87,99,3.22,BY,2022-09-13 22:31:09
161,Northam,51.0333,-4.2167,59.25,97,100,10.67,GB,2022-09-13 22:31:09
162,Tommot,58.9564,126.2925,42.64,94,100,19.13,RU,2022-09-13 22:31:10
163,Yenagoa,4.9247,6.2642,74.57,95,100,4.43,NG,2022-09-13 22:31:10
164,Carbondale,37.7273,-89.2168,82.06,39,0,3.44,US,2022-09-13 22:31:10
165,Severo-Kurilsk,50.6789,156.125,51.94,97,100,17.0,RU,2022-09-13 22:31:11
166,Tucuma,-0.1833,-50.05,79.2,79,70,10.0,BR,2022-09-13 22:31:11
167,Broken Hill,-31.95,141.4333,60.78,51,100,25.46,AU,2022-09-13 22:31:12
168,Vila Velha,-20.3297,-40.2925,73.35,86,0,11.5,BR,2022-09-13 22:26:34
169,Torbay,47.6666,-52.7314,57.76,96,100,18.41,CA,2022-09-13 22:31:12
170,Potsdam,52.3989,13.0657,61.11,97,100,5.03,DE,2022-09-13 22:31:12
171,Fenoarivo Atsinanana,-17.3667,49.4167,68.67,86,64,1.88,MG,2022-09-13 22:31:13
172,Husavik,66.0449,-17.3389,43.86,92,100,13.06,IS,2022-09-13 22:31:13
173,Hohhot,40.8106,111.6522,50.29,81,0,6.71,CN,2022-09-13 22:31:14
174,Slave Lake,55.2834,-114.769,64.38,55,75,2.3,CA,2022-09-13 22:28:46
175,Hay River,60.8156,-115.7999,62.58,48,75,9.22,CA,2022-09-13 22:31:14
176,Kaniama,-7.5667,24.1833,72.36,69,82,3.04,CD,2022-09-13 22:31:15
177,La Reforma,25.0833,-108.05,86.92,64,4,10.33,MX,2022-09-13 22:31:15
178,Bengkulu,-3.8004,102.2655,73.33,90,100,5.44,ID,2022-09-13 22:31:15
179,Harindanga,22.0383,88.3214,78.3,92,100,16.55,IN,2022-09-13 22:31:16
180,Atocha,-20.9333,-66.2333,44.76,8,2,23.89,BO,2022-09-13 22:31:16
181,Magadan,59.5667,150.8,47.53,51,30,4.21,RU,2022-09-13 23:58:57
182,Lorengau,-2.0226,147.2712,85.24,65,82,12.46,PG,2022-09-13 23:58:57
183,Navahrudak,53.6,25.8333,45.16,91,93,4.7,BY,2022-09-13 23:58:57
184,Hun,29.1268,15.9477,77.95,54,0,8.68,LY,2022-09-13 23:58:58
185,Souillac,-20.5167,57.5167,66.58,88,75,5.75,MU,2022-09-13 23:58:58
186,Bowen,-20.0167,148.2333,74.62,55,9,15.46,AU,2022-09-13 23:59:58
187,Bredasdorp,-34.5322,20.0403,49.66,94,0,4.68,ZA,2022-09-13 23:59:59
188,Faya,18.3851,42.4509,68.11,46,96,1.34,SA,2022-09-13 23:59:59
189,Carnarvon,-24.8667,113.6333,64.38,58,52,16.87,AU,2022-09-14 00:00:00
190,Tadpatri,14.9167,78.0167,76.24,76,96,11.56,IN,2022-09-14 00:00:00
191,Beloha,-25.1667,45.05,65.86,66,100,11.88,MG,2022-09-14 00:00:00
192,Nome,64.5011,-165.4064,54.16,84,97,14.0,US,2022-09-14 00:00:01
193,Mae Sai,20.4335,99.8762,69.55,98,85,0.58,TH,2022-09-14 00:00:01
194,Duayaw Nkwanta,7.1724,-2.1028,69.15,99,98,2.77,GH,2022-09-14 00:00:02
195,Chambersburg,39.9376,-77.6611,69.67,64,7,1.99,US,2022-09-13 23:55:29
196,Naruto,34.1833,134.6167,84.45,77,100,7.34,JP,2022-09-14 00:00:03
197,Sibolga,1.7427,98.7792,76.15,78,100,3.13,ID,2022-09-14 00:00:05
198,Vao,-22.6667,167.4833,71.8,72,95,11.23,NC,2022-09-14 00:00:06
199,Bereda,43.2686,-7.5406,64.42,95,83,4.34,ES,2022-09-14 00:00:07
200,Galle,6.0367,80.217,77.47,88,78,6.82,LK,2022-09-14 00:00:09
201,Envira,-7.3,-70.2167,80.73,59,42,3.27,BR,2022-09-14 00:00:10
202,Baker City,44.7749,-117.8344,65.64,80,100,14.97,US,2022-09-14 00:00:11
203,Terme,41.2092,36.9739,64.0,88,56,10.29,TR,2022-09-14 00:00:13
204,Cap Malheureux,-19.9842,57.6142,68.47,77,37,1.99,MU,2022-09-14 00:00:13
205,Oron,4.8256,8.2343,74.3,94,100,2.66,NG,2022-09-14 00:00:14
206,Lubao,14.9167,120.55,80.89,79,28,1.61,PH,2022-09-14 00:00:16
207,Airai,-8.9266,125.4092,70.14,42,70,5.32,TL,2022-09-14 00:00:17
208,Krasnyy Kholm,58.0607,37.1203,44.01,79,94,7.38,RU,2022-09-14 00:00:17
209,Lethem,3.3803,-59.7968,79.48,76,68,3.91,GY,2022-09-14 00:00:18
210,Parvatipuram,18.7833,83.4333,74.68,95,86,0.11,IN,2022-09-14 00:00:18
211,Muzhi,65.3667,64.6667,41.99,93,74,3.96,RU,2022-09-14 00:00:19
212,Faanui,-16.4833,-151.75,77.92,76,100,22.55,PF,2022-09-14 00:00:19
213,Lamar,33.6668,-95.5836,82.38,44,0,7.56,US,2022-09-14 00:00:20
214,Serebryansk,49.6925,83.2892,38.66,77,100,3.67,KZ,2022-09-14 00:00:20
215,Yate,51.5407,-2.4184,59.92,94,100,1.01,GB,2022-09-14 00:00:21
216,Hamilton,39.1834,-84.5333,69.8,74,29,3.0,US,2022-09-14 00:00:21
217,Pishin,30.5803,66.9961,70.18,31,0,2.3,PK,2022-09-14 00:00:22
218,Sinnamary,5.3833,-52.95,79.65,85,23,8.68,GF,2022-09-14 00:00:23
219,Waingapu,-9.6567,120.2641,81.91,70,14,12.5,ID,2022-09-14 00:00:23
220,Mahebourg,-20.4081,57.7,68.25,78,54,7.74,MU,2022-09-14 00:00:24
221,Ossora,59.2353,163.0719,50.72,56,68,2.59,RU,2022-09-14 00:00:24
222,Tarauaca,-8.1614,-70.7656,81.21,55,67,2.01,BR,2022-09-14 00:00:25
223,Chimoio,-19.1164,33.4833,61.03,89,70,6.42,MZ,2022-09-14 00:00:25
224,Kuching,1.55,110.3333,73.62,94,20,5.75,MY,2022-09-14 00:00:26
225,Kokopo,-4.352,152.2633,85.3,59,94,7.38,PG,2022-09-14 00:00:26
226,Lincoln,40.8,-96.667,90.97,45,3,3.0,US,2022-09-13 23:57:28
227,Laguna,38.421,-121.4238,85.14,43,0,17.27,US,2022-09-13 23:56:48
228,Sol-Iletsk,51.1631,54.9918,57.07,41,96,8.66,RU,2022-09-14 00:00:27
229,Huarmey,-10.0681,-78.1522,61.9,83,20,11.77,PE,2022-09-14 00:00:28
230,Vardo,70.3705,31.1107,44.58,81,100,6.91,NO,2022-09-14 00:00:28
231,Srednekolymsk,67.45,153.6833,43.48,64,26,5.53,RU,2022-09-14 00:00:28
232,Gorom-Gorom,14.4439,-0.2361,84.92,62,39,14.25,BF,2022-09-14 00:00:29
233,Sitka,57.0531,-135.33,60.08,74,100,5.86,US,2022-09-14 00:00:29
234,Saint-Joseph,-21.3667,55.6167,64.78,72,63,1.92,RE,2022-09-14 00:01:30
235,Del Rio,29.3627,-100.8968,90.46,37,3,13.85,US,2022-09-14 00:00:49
236,Avarua,-21.2078,-159.775,80.65,61,20,10.36,CK,2022-09-14 00:01:30
237,Ust-Ilimsk,58.0006,102.6619,35.44,92,8,3.18,RU,2022-09-14 00:01:30
238,Boyolangu,-8.1181,111.8935,77.5,80,48,9.42,ID,2022-09-14 00:01:31
239,Belmonte,-15.8631,-38.8828,71.13,80,1,8.28,BR,2022-09-14 00:01:31
240,Mezen,65.8522,44.24,44.74,95,86,7.43,RU,2022-09-14 00:01:32
241,Cassilandia,-19.1133,-51.7342,85.19,27,63,1.12,BR,2022-09-14 00:01:32
242,Alekseyevka,50.6309,38.6903,54.03,89,97,3.44,RU,2022-09-14 00:01:32
243,Brae,60.3964,-1.353,53.19,81,97,11.36,GB,2022-09-14 00:01:33
244,Muros,42.7762,-9.0603,68.09,91,62,18.54,ES,2022-09-14 00:01:33
245,Ridgecrest,35.6225,-117.6709,91.02,22,19,13.0,US,2022-09-14 00:01:33
246,Dickinson,29.4608,-95.0513,88.14,65,1,1.99,US,2022-09-14 00:01:34
247,Ostrovnoy,68.0531,39.5131,47.3,88,100,18.52,RU,2022-09-14 00:01:34
248,Salalah,17.0151,54.0924,78.82,83,86,2.91,OM,2022-09-14 00:01:35
249,Staraya Toropa,56.2801,31.6702,48.09,82,100,3.53,RU,2022-09-14 00:01:35
250,Tshela,-4.9833,12.9333,69.22,92,54,0.22,CD,2022-09-14 00:01:35
251,Kashary,49.04,41.0056,56.66,80,70,5.82,RU,2022-09-14 00:01:36
252,Abu Kamal,34.4506,40.9171,81.3,44,0,14.32,SY,2022-09-14 00:01:36
253,Seydi,39.4816,62.9137,61.81,34,0,9.19,TM,2022-09-14 00:01:37
254,Karakulino,56.012,53.7067,45.86,71,95,6.51,RU,2022-09-14 00:01:37
255,Mercedes,-34.6515,-59.4307,56.79,58,9,7.74,AR,2022-09-14 00:01:37
256,Aswan,24.0934,32.907,87.1,26,0,8.05,EG,2022-09-13 23:57:50
257,Santa Rosa,14.3122,121.1114,84.02,81,50,7.81,PH,2022-09-14 00:01:38
258,Kruisfontein,-34.0033,24.7314,50.97,89,0,5.19,ZA,2022-09-14 00:01:38
259,Chapais,49.7834,-74.8492,57.78,89,100,3.0,CA,2022-09-14 00:01:39
260,Ancud,-41.8697,-73.8203,52.23,84,100,16.93,CL,2022-09-14 00:01:39
261,Arroio Grande,-32.2375,-53.0869,53.55,94,33,5.37,BR,2022-09-14 00:01:39
262,Luderitz,-26.6481,15.1594,70.02,32,1,4.16,NA,2022-09-13 23:59:39
263,Nosy Varika,-20.5833,48.5333,65.71,88,89,2.77,MG,2022-09-14 00:01:40
264,Iki-Burul,45.8208,44.6472,64.47,75,88,4.83,RU,2022-09-14 00:01:40
265,Houma,29.5958,-90.7195,81.0,67,73,3.0,US,2022-09-14 00:00:53
266,Qiryat Shemona,33.2073,35.5721,76.69,91,20,3.76,IL,2022-09-14 00:01:41
267,Shancheng,34.7953,116.0817,70.09,73,0,8.99,CN,2022-09-14 00:01:41
268,Gerash,27.6652,54.1371,79.92,29,0,2.51,IR,2022-09-14 00:01:42
269,Ibotirama,-12.1853,-43.2206,80.4,24,8,3.58,BR,2022-09-14 00:01:42
270,Pattani,6.75,100.4167,80.49,96,62,3.29,TH,2022-09-14 00:01:42
271,Ilebo,-4.3167,20.5833,71.76,92,100,2.06,CD,2022-09-14 00:01:43
272,Santa Maria,-29.6842,-53.8069,56.46,80,64,2.3,BR,2022-09-14 00:01:43
273,Codrington,-38.2667,141.9667,53.96,64,5,15.1,AU,2022-09-14 00:01:44
274,Vila Franca Do Campo,37.7167,-25.4333,77.2,89,47,2.53,PT,2022-09-14 00:01:44
275,Taksimo,56.3444,114.8794,44.87,73,83,2.66,RU,2022-09-14 00:01:45
276,Pasni,25.2631,63.471,80.94,83,2,9.28,PK,2022-09-14 00:01:45
277,Montelibano,7.9829,-75.4229,77.23,87,68,6.58,CO,2022-09-14 00:01:46
278,Aktash,50.3,87.7333,28.08,93,48,1.16,RU,2022-09-14 00:01:46
279,Qax,41.4225,46.9242,64.35,78,11,3.04,AZ,2022-09-14 00:01:47
280,Jorpeland,59.0225,6.0408,56.73,84,70,22.21,NO,2022-09-14 00:01:47
281,Cabo San Lucas,22.8909,-109.9124,86.18,73,20,7.49,MX,2022-09-14 00:00:06
282,Yabelo,4.8833,38.0833,61.75,70,97,5.57,ET,2022-09-14 00:02:47
283,Ngunguru,-35.6167,174.5,56.3,67,100,4.5,NZ,2022-09-14 00:02:48
284,Shahreza,32.0339,51.8794,68.0,17,0,4.16,IR,2022-09-14 00:02:48
285,Autazes,-3.5797,-59.1306,79.59,64,67,1.59,BR,2022-09-14 00:02:49
286,Ahipara,-35.1667,173.1667,58.08,66,100,8.48,NZ,2022-09-14 00:02:49
287,Quatre Cocos,-20.2078,57.7625,68.09,78,58,6.4,MU,2022-09-14 00:02:49
288,Lujan,-34.5703,-59.105,58.05,76,3,1.01,AR,2022-09-14 00:01:00
289,Havoysund,70.9963,24.6622,39.43,61,100,5.84,NO,2022-09-14 00:02:50
290,Port Elizabeth,-33.918,25.5701,55.44,91,0,6.6,ZA,2022-09-14 00:02:51
291,Alpena,45.0617,-83.4327,70.05,90,0,0.0,US,2022-09-14 00:02:51
292,Alofi,-19.0595,-169.9187,76.89,73,55,17.81,NU,2022-09-14 00:02:51
293,Doha,25.2867,51.5333,89.49,79,0,4.61,QA,2022-09-13 23:58:12
294,Binga,-17.6203,27.3414,69.71,43,1,3.74,ZW,2022-09-14 00:02:52
295,Kodiak,57.79,-152.4072,50.85,82,94,2.8,US,2022-09-14 00:02:52
296,Guarapari,-20.6667,-40.4975,72.9,79,9,14.25,BR,2022-09-14 00:02:52
297,Maldonado,-34.6667,-54.9167,52.23,96,27,3.83,UY,2022-09-14 00:02:53
298,Isangel,-19.55,169.2667,80.28,65,85,8.12,VU,2022-09-14 00:02:53
299,Lagoa,39.05,-27.9833,74.08,88,49,12.41,PT,2022-09-14 00:02:54
300,Fairbanks,64.8378,-147.7164,65.61,52,98,3.24,US,2022-09-14 00:00:25
301,Sydney,-33.8679,151.2073,63.23,63,40,10.36,AU,2022-09-14 00:02:23
302,Mitsamiouli,-11.3847,43.2844,75.25,72,51,3.58,KM,2022-09-14 00:02:54
303,Lodja,-3.4833,23.4333,69.49,98,98,1.03,CD,2022-09-14 00:02:55
304,Nalut,30.3333,10.85,80.26,28,0,12.39,LY,2022-09-14 00:02:55
305,Pasighat,28.0667,95.3333,75.09,98,93,1.7,IN,2022-09-14 00:02:56
306,Coquimbo,-29.9533,-71.3436,54.18,80,0,4.97,CL,2022-09-14 00:02:56
307,Ilula,-7.6766,36.0366,55.47,90,42,6.13,TZ,2022-09-14 00:02:56
308,Port Shepstone,-30.7414,30.455,61.3,79,4,4.63,ZA,2022-09-14 00:02:57
309,The Pas,53.8251,-101.2541,59.63,42,21,5.91,CA,2022-09-14 00:02:58
310,Dakar,14.6937,-17.4441,82.49,77,93,7.0,SN,2022-09-14 00:00:06
311,Kijang,35.2442,129.2139,75.33,75,100,20.22,KR,2022-09-14 00:02:58
312,Izhma,65.0083,53.9113,43.0,98,96,5.5,RU,2022-09-14 00:02:59
313,Calvia,39.5657,2.5062,81.91,77,100,14.56,ES,2022-09-14 00:02:59
314,Kahului,20.8947,-156.47,84.97,80,57,5.99,US,2022-09-13 23:58:51
315,Sorong,-0.8833,131.25,80.35,81,82,2.13,ID,2022-09-14 00:02:59
316,Pacific Grove,36.6177,-121.9166,79.56,72,0,8.05,US,2022-09-14 00:03:00
317,Auki,-8.7676,160.7034,85.93,61,75,2.53,SB,2022-09-14 00:03:00
318,San Rafael,-34.6177,-68.3301,60.24,25,33,0.63,AR,2022-09-14 00:00:08
319,Nenjiang,49.1833,125.2167,62.02,38,66,11.79,CN,2022-09-14 00:03:01
320,Bibiani,6.4635,-2.3194,69.51,100,99,2.55,GH,2022-09-14 00:03:01
321,Sakakah,29.9697,40.2064,81.37,21,0,6.98,SA,2022-09-14 00:03:01
322,Fereydun Kenar,36.6864,52.5225,78.8,63,0,4.47,IR,2022-09-14 00:03:02
323,Hurghada,27.2574,33.8129,83.88,39,0,15.26,EG,2022-09-14 00:03:02
324,Nkowakowa,-23.8878,30.2871,60.21,82,100,5.66,ZA,2022-09-14 00:03:03
325,Wamba,8.9333,8.6,71.29,93,96,0.87,NG,2022-09-14 00:03:04
326,Talnakh,69.4865,88.3972,33.21,93,97,5.57,RU,2022-09-14 00:03:04
327,Bonavista,48.6499,-53.1147,56.64,95,100,22.7,CA,2022-09-14 00:04:04
328,Port Hedland,-20.3167,118.5667,73.45,64,0,10.36,AU,2022-09-14 00:04:05
329,Egvekinot,66.3167,-179.1667,35.35,98,100,5.59,RU,2022-09-14 00:04:06
330,San Cristobal,7.7669,-72.225,66.02,97,86,1.88,VE,2022-09-14 00:04:06
331,Saint Anthony,45.0205,-93.218,76.75,50,0,4.61,US,2022-09-14 00:04:06
332,Lompoc,34.6391,-120.4579,81.57,65,0,17.27,US,2022-09-14 00:03:52
333,Victoria,22.2855,114.1577,89.65,41,36,8.01,HK,2022-09-14 00:00:03
334,Paamiut,61.994,-49.6678,43.43,82,74,8.08,GL,2022-09-14 00:04:07
335,Iskateley,67.6803,53.1512,42.4,95,99,8.68,RU,2022-09-14 00:04:08
336,Kabare,-2.4683,28.8242,61.74,93,98,0.54,CD,2022-09-13 23:59:13
337,Phrae,18.0833,100.0,70.0,96,56,1.68,TH,2022-09-14 00:04:09
338,Severnoye,56.3491,78.3619,37.63,83,64,3.49,RU,2022-09-14 00:04:09
339,Tonneins,44.3921,0.3124,72.43,65,100,4.85,FR,2022-09-14 00:04:09
340,Aykhal,66.0,111.5,34.79,71,40,15.95,RU,2022-09-14 00:04:10
341,Gwadar,25.1216,62.3254,80.49,87,5,8.16,PK,2022-09-14 00:04:10
342,Fort Nelson,58.8053,-122.7002,70.25,27,0,1.5,CA,2022-09-14 00:00:41
343,Wajir,1.7471,40.0573,74.3,61,97,15.52,KE,2022-09-14 00:04:11
344,Norwood,42.1945,-71.1995,74.35,91,100,5.75,US,2022-09-14 00:00:41
345,Moron,-34.6534,-58.6198,58.96,84,10,5.44,AR,2022-09-14 00:04:11
346,Geraldton,-28.7667,114.6,57.61,82,75,3.44,AU,2022-09-14 00:04:12
347,Pisco,-13.7,-76.2167,62.02,76,81,2.59,PE,2022-09-14 00:04:12
348,Makasar,-5.14,119.4221,80.65,89,20,2.3,ID,2022-09-14 00:00:11
349,Longyearbyen,78.2186,15.6401,35.44,75,75,2.3,SJ,2022-09-14 00:04:12
350,Kavaratti,10.5669,72.642,80.28,80,38,12.1,IN,2022-09-14 00:04:13
351,Touros,-5.1989,-35.4608,76.48,84,37,13.24,BR,2022-09-14 00:04:13
352,Odweyne,9.4092,45.064,77.34,51,96,14.54,SO,2022-09-14 00:04:14
353,La Sarre,48.8002,-79.1996,59.4,73,89,5.19,CA,2022-09-14 00:04:14
354,Dunedin,-45.8742,170.5036,49.8,65,54,5.99,NZ,2022-09-14 00:04:14
355,Burnie,-41.0667,145.9167,48.94,77,88,11.97,AU,2022-09-14 00:04:15
356,Portland,45.5234,-122.6762,74.44,57,78,5.99,US,2022-09-14 00:01:17
357,Tocopilla,-22.092,-70.1979,62.29,64,6,12.71,CL,2022-09-14 00:04:15
358,Hami,42.8,93.45,64.0,25,19,1.63,CN,2022-09-14 00:04:16
359,Tessalit,20.1986,1.0114,93.02,16,72,10.36,ML,2022-09-14 00:02:15
360,Cocobeach,1.0002,9.5823,76.55,83,92,3.13,GA,2022-09-14 00:04:16
361,Vauvert,43.7,4.2833,76.59,83,100,9.22,FR,2022-09-14 00:04:17
362,Lucapa,-8.4192,20.7447,75.9,50,90,3.31,AO,2022-09-14 00:04:17
363,Rio Gallegos,-51.6226,-69.2181,43.48,57,76,19.46,AR,2022-09-14 00:01:45
364,Kailua,21.4022,-157.7394,83.48,68,47,3.0,US,2022-09-14 00:00:03
365,Saldanha,-33.0117,17.9442,57.9,66,0,7.29,ZA,2022-09-14 00:04:18
366,Fortuna Foothills,32.6578,-114.4119,96.22,31,0,5.99,US,2022-09-14 00:01:05
367,Half Moon Bay,37.4636,-122.4286,77.05,66,75,5.75,US,2022-09-14 00:00:41
368,Sao Filipe,14.8961,-24.4956,79.39,82,100,7.85,CV,2022-09-14 00:04:18
369,Berwick,41.0545,-76.2333,69.37,77,38,5.32,US,2022-09-14 00:00:51
370,Farafenni,13.5667,-15.6,76.17,94,100,4.99,GM,2022-09-14 00:04:19
371,Ribeira Grande,38.5167,-28.7,75.51,89,17,11.05,PT,2022-09-14 00:04:19
372,Zhigalovo,54.8097,105.1578,38.77,80,100,2.08,RU,2022-09-14 00:04:20
373,Fort Stewart,31.8722,-81.61,81.03,88,100,2.46,US,2022-09-14 00:01:50
374,Gushikawa,26.3544,127.8686,86.0,81,40,10.36,JP,2022-09-14 00:05:21
375,Ananas,19.2466,-71.9557,66.88,94,88,7.92,HT,2022-09-14 00:05:21
376,Inhambane,-23.865,35.3833,67.98,68,32,12.46,MZ,2022-09-14 00:05:21
377,Cidahu,-6.3113,106.0568,71.67,89,99,1.34,ID,2022-09-14 00:05:22
378,Narsaq,60.9167,-46.05,46.62,73,27,2.98,GL,2022-09-14 00:05:22
379,Catia La Mar,10.6038,-67.0303,84.4,65,40,5.75,VE,2022-09-14 00:05:22
380,Baruun-Urt,46.6806,113.2792,62.62,46,96,7.52,MN,2022-09-14 00:05:23
381,Moerai,-22.4333,-151.3333,70.75,72,69,21.56,PF,2022-09-14 00:05:23
382,La Libertad,-2.2333,-80.9,67.66,84,73,10.96,EC,2022-09-14 00:05:24
383,Mandalgovi,45.7625,106.2708,66.47,29,100,4.41,MN,2022-09-14 00:05:24
384,El Centro,32.792,-115.563,98.58,34,20,10.36,US,2022-09-14 00:05:24
385,Puerto Ayacucho,5.6639,-67.6236,77.14,86,96,3.09,VE,2022-09-14 00:05:25
386,Nago,26.5881,127.9761,86.85,81,22,10.13,JP,2022-09-14 00:05:25
387,San Vicente,-26.6167,-54.1333,54.23,84,36,3.0,AR,2022-09-14 00:05:26
388,Vodnyy,63.5046,53.4095,43.7,98,99,5.41,RU,2022-09-14 00:05:26
389,Jiwani,25.05,61.7417,80.56,87,12,9.04,PK,2022-09-14 00:05:27
390,Henties Bay,-22.116,14.2845,56.66,92,1,10.45,NA,2022-09-14 00:05:27
391,Kangaatsiaq,68.3065,-53.4641,41.38,97,100,7.65,GL,2022-09-14 00:05:27
392,Comodoro Rivadavia,-45.8667,-67.5,60.66,39,0,13.8,AR,2022-09-14 00:05:28
393,Sangar,63.9242,127.4739,41.99,97,100,7.47,RU,2022-09-14 00:05:28
394,Khash,28.2211,61.2158,71.38,21,2,1.32,IR,2022-09-14 00:05:28
395,Chara,56.9064,118.2631,45.93,65,41,4.59,RU,2022-09-14 00:05:29
396,Weimar,50.9833,11.3167,64.98,87,98,4.05,DE,2022-09-14 00:05:29
397,Yarim,14.298,44.3779,59.41,65,96,4.43,YE,2022-09-14 00:05:30
398,Coihaique,-45.5752,-72.0662,47.01,81,100,9.22,CL,2022-09-14 00:05:30
399,Tasiilaq,65.6145,-37.6368,35.76,87,98,3.31,GL,2022-09-14 00:05:31
400,Huesca,42.1362,-0.4087,66.06,89,75,4.61,ES,2022-09-14 00:05:31
401,Ettaiyapuram,9.1441,77.9907,79.72,68,88,7.65,IN,2022-09-14 00:05:32
402,Tunceli,39.1083,39.5471,62.87,71,33,2.73,TR,2022-09-14 00:05:32
403,Shahr-E Kord,32.3256,50.8644,62.24,17,0,3.71,IR,2022-09-14 00:05:32
404,Guanica,17.9716,-66.908,84.06,81,100,9.04,PR,2022-09-14 00:05:33
405,Kloulklubed,7.0419,134.2556,84.7,68,79,12.1,PW,2022-09-14 00:05:33
406,Naze,28.3667,129.4833,80.8,84,35,19.26,JP,2022-09-14 00:05:33
407,Oranjestad,12.524,-70.027,83.68,79,87,21.65,AW,2022-09-14 00:01:36
408,Ayr,55.4627,-4.6339,55.38,76,75,9.22,GB,2022-09-14 00:05:34
409,Gat,31.61,34.7642,75.88,100,7,4.12,IL,2022-09-14 00:05:34
410,La Ronge,55.1001,-105.2842,54.99,46,51,5.68,CA,2022-09-14 00:05:35
411,Koshurnikovo,54.1667,93.3,37.89,78,81,1.45,RU,2022-09-14 00:05:35
412,Porosozero,62.7191,32.727,45.52,90,94,5.95,RU,2022-09-14 00:05:35
413,Minsk,53.9,27.5667,49.75,90,100,4.23,BY,2022-09-14 00:05:36
414,Saint George,37.1041,-113.5841,77.63,59,0,4.0,US,2022-09-14 00:05:06
415,Coari,-4.085,-63.1414,75.47,85,85,2.53,BR,2022-09-14 00:01:47
416,Abis,9.7173,122.9438,81.46,82,69,5.39,PH,2022-09-14 00:05:37
417,Avera,33.194,-82.5271,71.11,44,5,5.44,US,2022-09-14 00:06:37
418,Cape Coast,5.1053,-1.2466,74.26,93,48,7.54,GH,2022-09-14 00:06:12
419,Kikwit,-5.041,18.8162,75.76,77,83,2.95,CD,2022-09-14 00:06:38
420,Tual,-5.6667,132.75,80.47,83,98,22.17,ID,2022-09-14 00:06:38
421,Villa Constitucion,-33.2278,-60.3297,63.88,44,1,5.88,AR,2022-09-14 00:06:39
422,Kieta,-6.2167,155.6333,84.61,67,89,3.94,PG,2022-09-14 00:06:39
423,Hastings,50.8552,0.5729,60.93,97,100,15.39,GB,2022-09-14 00:06:39
424,Alcains,39.9164,-7.4566,62.64,86,87,9.84,PT,2022-09-14 00:06:40
425,Khani,41.9563,42.9566,56.77,98,100,0.47,GE,2022-09-14 00:06:40
426,Nabire,-3.3667,135.4833,81.37,71,85,1.43,ID,2022-09-14 00:06:40
427,Camocim,-2.9022,-40.8411,77.79,83,13,13.6,BR,2022-09-14 00:06:41
428,Christchurch,-43.5333,172.6333,52.41,63,100,8.05,NZ,2022-09-14 00:06:41
429,Kaoma,-14.7833,24.8,67.5,38,1,7.76,ZM,2022-09-14 00:06:42
430,Margate,51.3813,1.3862,60.91,92,100,4.0,GB,2022-09-14 00:06:42
431,Arman,59.7,150.1667,48.02,49,36,2.82,RU,2022-09-14 00:06:42
432,Aripuana,-9.1667,-60.6333,82.27,52,84,2.64,BR,2022-09-14 00:02:51
433,Beidao,34.5686,105.8933,62.89,90,100,3.13,CN,2022-09-14 00:06:43
434,Srandakan,-7.9386,110.2506,78.28,80,61,9.42,ID,2022-09-14 00:06:43
435,Hofn,64.2539,-15.2082,48.51,78,14,10.13,IS,2022-09-14 00:06:44
436,Ranau,5.9538,116.6641,75.0,87,26,1.01,MY,2022-09-14 00:06:44
437,Ha Tinh,18.3333,105.9,77.85,86,87,2.21,VN,2022-09-14 00:06:44
438,Horsham,51.064,-0.3272,60.51,93,40,5.75,GB,2022-09-14 00:06:45
439,Zhangjiakou,40.81,114.8794,66.22,74,0,0.51,CN,2022-09-14 00:06:45
440,Porto Murtinho,-21.6989,-57.8825,66.78,57,98,8.1,BR,2022-09-14 00:06:45
441,Hohen Neuendorf,52.6667,13.2833,58.89,94,98,5.39,DE,2022-09-14 00:06:46
442,Kapuskasing,49.4169,-82.4331,52.99,79,46,11.05,CA,2022-09-14 00:03:02
443,Honiara,-9.4333,159.95,87.87,59,58,5.68,SB,2022-09-14 00:06:46
444,Hit,33.6416,42.8251,86.13,24,0,10.33,IQ,2022-09-14 00:06:46
445,Bludenz,47.1497,9.8167,67.87,88,100,6.04,AT,2022-09-14 00:05:06
446,Andrews,32.3187,-102.5457,88.2,32,0,6.91,US,2022-09-14 00:06:47
447,Paraiso,9.8383,-83.8656,67.87,100,98,1.1,CR,2022-09-14 00:06:47
448,Emerald,-23.5333,148.1667,69.35,56,0,11.1,AU,2022-09-14 00:06:48
449,Kunda,25.7167,81.5167,76.12,94,100,7.78,IN,2022-09-14 00:06:48
450,Ust-Nera,64.5667,143.2,40.26,48,100,5.7,RU,2022-09-14 00:06:48
451,Lusambo,-4.9667,23.45,70.21,92,87,1.61,CD,2022-09-14 00:06:49
452,Mount Isa,-20.7333,139.5,82.17,30,0,10.36,AU,2022-09-14 00:06:49
453,Pierre,44.3683,-100.351,83.86,37,63,4.0,US,2022-09-14 00:02:09
454,Cedral,23.8,-100.7333,72.84,43,85,7.05,MX,2022-09-14 00:06:50
455,Grand Gaube,-20.0064,57.6608,68.38,77,37,1.99,MU,2022-09-14 00:06:50
456,Torbat-E Jam,35.244,60.6225,61.7,25,0,2.51,IR,2022-09-14 00:06:51
457,Zhigansk,66.7697,123.3711,38.73,80,100,17.09,RU,2022-09-14 00:06:51
458,Leningradskiy,69.3833,178.4167,36.0,98,100,6.69,RU,2022-09-14 00:06:51
459,Yeniseysk,58.4497,92.1703,43.07,72,100,1.86,RU,2022-09-14 00:06:52
460,El Corpus,14.7,-88.9167,71.92,100,100,4.61,HN,2022-09-14 00:03:55
461,Williston,48.147,-103.618,69.82,26,98,15.86,US,2022-09-14 00:06:52
462,Archidona,37.0965,-4.3887,67.66,72,100,3.44,ES,2022-09-14 00:06:52
463,Esperance,-33.8667,121.9,51.64,72,99,28.45,AU,2022-09-14 00:06:53
464,Ugoofaaru,5.6667,73.0,80.26,75,62,3.11,MV,2022-09-14 00:07:53
465,Sao Joao De Pirabas,-0.7747,-47.1772,79.09,80,13,8.16,BR,2022-09-14 00:07:53
466,Tsivilsk,55.8611,47.4664,49.21,59,100,8.41,RU,2022-09-14 00:07:54
467,Pringsewu,-5.3582,104.9744,74.43,90,75,5.32,ID,2022-09-14 00:07:54
468,Nchelenge,-9.3451,28.734,76.46,40,88,5.17,ZM,2022-09-14 00:07:55
469,Soyo,-6.1349,12.3689,72.59,87,69,6.87,AO,2022-09-14 00:07:55
470,Oranjemund,-28.55,16.4333,70.57,17,1,13.04,NA,2022-09-14 00:07:55
471,Kota Kinabalu,5.9749,116.0724,80.58,83,20,2.3,MY,2022-09-14 00:07:56
472,Sachica,5.5845,-73.5418,58.21,93,82,3.27,CO,2022-09-14 00:07:56
473,Maridi,4.9158,29.4742,67.26,98,100,3.4,SS,2022-09-14 00:07:56
474,Songjianghe,42.1859,127.479,64.71,73,100,1.66,CN,2022-09-14 00:07:57
475,Panaba,21.2833,-88.2667,82.33,72,100,16.2,MX,2022-09-14 00:07:57
476,Dongtai,32.8523,120.3095,70.18,95,100,14.83,CN,2022-09-14 00:07:58
477,Kibala,9.1104,18.3463,70.81,97,100,1.43,TD,2022-09-14 00:07:58
478,Bira,49.0,132.4667,56.88,73,69,4.68,RU,2022-09-14 00:07:58
479,Tomatlan,19.9333,-105.25,80.94,80,81,2.84,MX,2022-09-14 00:07:59
480,Mahon,39.8885,4.2658,81.16,89,0,11.5,ES,2022-09-14 00:05:33
481,Silver City,32.7701,-108.2803,69.76,53,75,9.22,US,2022-09-14 00:07:59
482,Antofagasta,-23.65,-70.4,56.48,70,3,7.58,CL,2022-09-14 00:05:09
483,Ust-Maya,60.4167,134.5333,48.02,90,99,11.54,RU,2022-09-14 00:08:00
484,Tuatapere,-46.1333,167.6833,48.11,69,82,3.4,NZ,2022-09-14 00:08:00
485,Buraydah,26.326,43.975,86.9,13,2,7.47,SA,2022-09-14 00:08:00
486,Mizan Teferi,6.9833,35.5833,59.22,98,100,3.13,ET,2022-09-14 00:08:01
487,Mapastepec,15.4333,-92.9,78.94,89,45,3.11,MX,2022-09-14 00:08:01
488,Shaunavon,49.6501,-108.4181,71.49,26,93,16.33,CA,2022-09-14 00:06:26
489,Bharatpur,27.2167,77.4833,78.66,83,45,10.76,IN,2022-09-14 00:08:02
490,Peniche,39.3558,-9.3811,68.56,95,96,18.66,PT,2022-09-14 00:08:02
491,Bubaque,11.2833,-15.8333,80.55,81,100,8.59,GW,2022-09-14 00:08:02
492,Safonovo,55.15,33.2167,45.77,97,100,6.8,RU,2022-09-14 00:08:03
493,Shimoda,34.6667,138.95,77.11,77,73,12.17,JP,2022-09-14 00:08:03
494,Sunrise Manor,36.2111,-115.0731,92.25,34,40,17.27,US,2022-09-14 00:07:04
495,Waipawa,-41.4122,175.5153,42.37,84,100,13.24,NZ,2022-09-14 00:08:04
496,Togur,58.3631,82.8265,38.59,77,100,4.45,RU,2022-09-14 00:08:04
497,Amahai,-3.3333,128.9167,80.82,80,90,2.35,ID,2022-09-14 00:08:04
498,Pochutla,15.7432,-96.4661,74.82,88,96,2.3,MX,2022-09-14 00:08:05
499,Seminole,28.7086,-81.2081,84.56,84,0,0.0,US,2022-09-14 00:08:05
500,Katastarion,37.8333,20.7667,66.09,59,0,3.89,GR,2022-09-14 00:08:06
501,Samarinda,-0.5,117.15,72.86,100,100,1.57,ID,2022-09-14 00:08:06
502,Jibuti,11.5,42.5,87.01,44,49,6.58,DJ,2022-09-14 00:08:06
503,Calvinia,-31.4707,19.776,55.18,34,0,7.9,ZA,2022-09-14 00:08:07
504,Tallahassee,30.4383,-84.2807,79.68,80,45,1.01,US,2022-09-14 00:04:23
505,Jalu,29.0331,21.5482,79.52,41,0,13.22,LY,2022-09-14 00:08:07
506,Palana,59.1167,159.9667,43.68,77,83,13.47,RU,2022-09-14 00:08:08
507,Necochea,-38.5473,-58.7368,46.2,91,16,7.27,AR,2022-09-14 00:08:08
508,Saint-Francois,46.4154,3.9054,64.67,94,0,2.3,FR,2022-09-14 00:08:09
509,Douentza,14.9951,-2.9517,85.71,55,13,7.4,ML,2022-09-14 00:08:09
510,Newport,51.5877,-2.9984,59.54,88,100,8.93,GB,2022-09-14 00:08:09
511,Provideniya,64.3833,-173.3,50.36,93,100,7.0,RU,2022-09-14 00:08:10
512,Katherine,-14.4667,132.2667,84.52,58,1,1.14,AU,2022-09-14 00:09:10
513,Perth,-31.9333,115.8333,60.1,77,75,12.66,AU,2022-09-14 00:04:26
514,Shitkino,56.3703,98.3543,35.38,84,6,2.93,RU,2022-09-14 00:09:11
515,Troitskoye,52.9821,84.6757,37.56,74,8,6.64,RU,2022-09-14 00:09:11
516,Kuytun,54.3419,101.5036,40.08,72,99,5.32,RU,2022-09-14 00:09:12
517,Thinadhoo,0.5333,72.9333,80.62,70,2,2.39,MV,2022-09-14 00:09:12
518,Razdolnoye,43.55,131.9167,59.41,74,99,7.11,RU,2022-09-14 00:09:12
519,Saravan,39.7196,45.6483,59.72,35,0,2.08,AM,2022-09-14 00:09:13
520,Namibe,-15.1961,12.1522,66.56,86,99,2.68,AO,2022-09-14 00:09:13
521,Lewiston,44.1003,-70.2148,69.03,95,100,4.61,US,2022-09-14 00:09:14
522,Popondetta,-8.7537,148.2534,88.12,50,64,4.21,PG,2022-09-14 00:09:14
523,Udachnyy,66.4167,112.4,36.57,69,22,11.45,RU,2022-09-14 00:09:14
524,Bonfim,3.0833,-59.95,80.26,74,57,1.88,BR,2022-09-14 00:09:15
525,Kampong Thum,12.7111,104.8887,77.81,90,92,1.63,KH,2022-09-14 00:09:15
526,Sai Buri,6.7013,101.6168,77.97,84,42,6.24,TH,2022-09-14 00:09:16
527,Yangjiang,21.85,111.9667,81.39,71,61,4.43,CN,2022-09-14 00:12:45
528,Ostersund,63.1792,14.6357,50.61,100,75,6.91,SE,2022-09-14 00:12:46
529,Hirara,24.8,125.2833,82.24,74,93,1.95,JP,2022-09-14 00:12:47
530,Gulu,2.7746,32.299,62.1,95,100,3.69,UG,2022-09-14 00:12:47
531,Pampa,35.5362,-100.9599,86.14,35,0,11.5,US,2022-09-14 00:12:47
532,Cape Canaveral,28.4058,-80.6048,82.2,84,0,9.22,US,2022-09-14 00:12:48
533,Mantua,45.1667,10.7833,70.84,85,86,1.99,IT,2022-09-14 00:12:48
534,Bulawayo,-20.15,28.5833,56.03,80,0,15.3,ZW,2022-09-14 00:12:48
535,Bonito,-21.1211,-56.4819,69.66,57,92,11.21,BR,2022-09-14 00:12:49
536,Olinda,-8.0089,-34.8553,76.73,78,20,9.22,BR,2022-09-14 00:12:49
537,Bridlington,54.0831,-0.1919,53.89,78,100,6.6,GB,2022-09-14 00:12:50
538,Ambilobe,-13.2,49.05,67.12,84,40,3.36,MG,2022-09-14 00:12:50
539,Caravelas,-17.7125,-39.2481,72.61,79,1,10.74,BR,2022-09-14 00:12:50
540,Pemangkat,1.1667,108.9667,75.56,88,99,11.59,ID,2022-09-14 00:12:51
541,Ilulissat,69.2167,-51.1,44.62,81,100,3.44,GL,2022-09-14 00:12:51
542,Tura,25.5198,90.2201,71.13,98,99,5.1,IN,2022-09-14 00:12:52
543,Paracuru,-3.41,-39.0306,79.11,86,28,14.41,BR,2022-09-14 00:12:52
544,Pachino,36.7186,15.0907,76.62,73,0,3.83,IT,2022-09-14 00:12:53
545,San Lorenzo,-25.3333,-57.5333,67.14,45,0,6.91,PY,2022-09-14 00:12:53
546,Parfino,57.9731,31.6481,52.36,67,100,4.45,RU,2022-09-14 00:12:54
547,Aitape,-3.1374,142.3475,85.01,65,88,5.5,PG,2022-09-14 00:12:54
548,Praxedis Guerrero,31.3667,-106.0167,87.26,29,91,2.95,MX,2022-09-14 00:12:54
549,Totma,59.9747,42.7642,41.0,90,34,4.97,RU,2022-09-14 00:12:55
550,Dzerzhinsk,56.2389,43.4631,51.62,81,75,6.71,RU,2022-09-14 00:12:55
551,La Asuncion,11.0333,-63.8628,80.17,84,19,12.93,VE,2022-09-14 00:12:56
552,Bassar,9.25,0.7833,70.52,97,14,1.7,TG,2022-09-14 00:12:56
553,Troitskiy,57.0603,63.7481,50.36,57,100,3.51,RU,2022-09-14 00:12:56
554,Capoterra,39.1763,8.9718,78.21,74,0,8.05,IT,2022-09-14 00:12:57
555,Bandarbeyla,9.4942,50.8122,77.72,79,97,27.69,SO,2022-09-14 00:12:57
556,Oussouye,12.485,-16.5469,78.87,85,98,5.19,SN,2022-09-14 00:12:58
557,Yulara,-25.2406,130.9889,77.79,24,47,14.83,AU,2022-09-14 00:12:58
558,Ruhengeri,-1.4998,29.635,59.27,91,96,0.49,RW,2022-09-14 00:13:58
559,Bongandanga,1.5,21.05,69.4,97,85,1.05,CD,2022-09-14 00:13:59
560,Mount Darwin,-16.7725,31.5838,59.43,63,7,7.05,ZW,2022-09-14 00:13:59
561,Hambantota,6.1241,81.1185,77.5,88,71,11.74,LK,2022-09-14 00:14:00
562,Saint-Augustin,51.226,-58.6502,58.26,79,75,4.07,CA,2022-09-14 00:14:00
563,Kargasok,59.0556,80.8572,36.88,93,71,6.13,RU,2022-09-14 00:14:01
564,Umm Kaddadah,13.6017,26.6876,84.31,52,99,12.48,SD,2022-09-14 00:14:01
565,Seddon,-37.8068,144.8916,60.3,52,20,27.63,AU,2022-09-14 00:14:01
566,Raga,8.4596,25.678,69.08,98,75,3.33,SS,2022-09-14 00:14:02
567,Bathsheba,13.2167,-59.5167,83.01,74,20,12.66,BB,2022-09-14 00:14:02
568,Lagunas,-5.2269,-75.6753,85.03,53,86,3.02,PE,2022-09-14 00:14:03
569,Okhotsk,59.3833,143.3,52.47,64,100,13.91,RU,2022-09-14 00:14:03
570,Wanaka,-44.7,169.15,45.1,46,5,5.01,NZ,2022-09-14 00:14:04
571,Grand-Lahou,5.1367,-5.0242,74.46,92,87,8.41,CI,2022-09-14 00:14:04
572,Ketchikan,55.3422,-131.6461,64.87,55,0,8.05,US,2022-09-14 00:14:05
573,Buala,-8.145,159.5921,84.76,68,95,8.28,SB,2022-09-14 00:14:05
574,Itaituba,-4.2761,-55.9836,79.07,68,70,0.94,BR,2022-09-14 00:14:05
575,Yumen,40.2833,97.2,64.11,27,96,6.35,CN,2022-09-14 00:14:06
576,Markdale,44.3168,-80.6497,60.3,81,55,6.11,CA,2022-09-14 00:13:04
577,Oum Hadjer,13.2954,19.6966,79.79,74,98,11.12,TD,2022-09-14 00:14:06
578,Namatanai,-3.6667,152.4333,84.94,64,43,10.07,PG,2022-09-14 00:14:07
579,Biskamzha,53.4497,89.5272,41.76,98,100,1.7,RU,2022-09-14 00:14:07
580,Tabou,4.423,-7.3528,75.56,86,94,8.59,CI,2022-09-14 00:14:08
581,Shahr-E Babak,30.1165,55.1186,70.63,30,22,6.24,IR,2022-09-14 00:14:08
582,Selcuk,37.9514,27.3685,74.01,53,0,5.55,TR,2022-09-14 00:14:09
583,Nizwa,22.9333,57.5333,82.62,55,21,1.03,OM,2022-09-14 00:14:09
584,Myitkyina,25.3833,97.4,73.51,100,70,0.89,MM,2022-09-14 00:14:09
585,Adrar,20.5022,-10.0711,99.28,18,63,5.26,MR,2022-09-14 00:14:10
586,Corrientes,-27.4806,-58.8341,63.01,57,0,8.05,AR,2022-09-14 00:14:10
